,AED,AFN,ALL,AMD,ANG,AOA,ARS,AUD,AWG,AZN,BAM,BBD,BDT,BGN,BHD,BIF,BMD,BND,BOB,BRL,BSD,BTC,BTN,BWP,BYN,BYR,BZD,CAD,CDF,CHF,CLF,CLP,CNY,COP,CRC,CUC,CUP,CVE,CZK,DJF,DKK,DOP,DZD,EGP,ERN,ETB,EUR,FJD,FKP,GBP,GEL,GGP,GHS,GIP,GMD,GNF,GTQ,GYD,HKD,HNL,HRK,HTG,HUF,IDR,ILS,IMP,INR,IQD,IRR,ISK,JEP,JMD,JOD,JPY,KES,KGS,KHR,KMF,KPW,KRW,KWD,KYD,KZT,LAK,LBP,LKR,LRD,LSL,LTL,LVL,LYD,MAD,MDL,MGA,MKD,MMK,MNT,MOP,MRO,MUR,MVR,MWK,MXN,MYR,MZN,NAD,NGN,NIO,NOK,NPR,NZD,OMR,PAB,PEN,PGK,PHP,PKR,PLN,PYG,QAR,RON,RSD,RUB,RWF,SAR,SBD,SCR,SDG,SEK,SGD,SHP,SLL,SOS,SRD,STD,SVC,SYP,SZL,THB,TJS,TMT,TND,TOP,TRY,TTD,TWD,TZS,UAH,UGX,USD,UYU,UZS,VEF,VND,VUV,WST,XAF,XAG,XAU,XCD,XDR,XOF,XPF,YER,ZAR,ZMK,ZMW,ZWL
0,4.176782,117.979297,121.277018,546.096265,2.049808,626.101357,116.773434,1.564485,2.046862,1.937662,1.965137,2.296476,97.495932,1.953969,0.428655,2278.270857,1.137145,1.535298,7.842413,6.335383,1.137387,2.380531e-05,84.571125,13.373034,2.908273,22288.050307,2.292658,1.437255,2277.138169,1.03674,0.035112,968.848312,7.227587,4622.871406,730.147918,1.137145,30.134354,110.587841,24.871929,202.093932,7.435897,65.243765,157.842186,17.864285,17.05727,55.891143,1,2.41587,0.857839,0.840369,3.519511,0.857839,6.993888,0.857839,59.984864,10603.881482,8.77767,237.84642,8.865304,27.750716,7.516973,114.046113,369.242932,16195.225126,3.53953,0.857839,84.733311,1660.232319,48072.823194,147.590544,0.857839,175.116336,0.806468,130.89458,128.668442,96.434255,4628.182274,494.516161,1023.430793,1351.929888,0.34401,0.947789,494.763156,12718.971963,1720.501423,230.751407,165.028274,18.137903,3.357695,0.687848,5.23515,10.553142,20.240156,4508.782,61.922417,2022.309337,3250.399028,9.136089,405.960721,49.57634,17.516294,925.636767,23.308415,4.749292,72.584422,18.137898,468.447486,40.259183,10.027286,135.313403,1.662009,0.437796,1.137387,4.536646,4.008481,57.994806,202.696598,4.588727,7825.297573,4.14039,4.947838,117.564035,85.04893,1154.202605,4.269042,9.203967,15.472979,497.505305,10.291223,1.533612,1.566309,12798.57213,664.093312,23.661765,23536.614386,9.952132,2857.069671,18.13789,37.747586,12.851765,3.99138,3.270207,2.586555,15.148032,7.725487,31.518378,2622.257729,31.030458,4031.995186,1.137145,50.746114,12303.913866,243156058810.96985,25989.458662,128.784736,2.956773,659.089986,0.048844,0.000622,3.073193,0.812663,658.979869,120.367257,284.571056,18.138658,10235.677475,18.94874,366.160363
0,4.176782,117.979297,121.277018,546.096265,2.049808,626.101357,116.773434,1.564485,2.046862,1.937662,1.965137,2.296476,97.495932,1.953969,0.428655,2278.270857,1.137145,1.535298,7.842413,6.335383,1.137387,2.380531e-05,84.571125,13.373034,2.908273,22288.050307,2.292658,1.437255,2277.138169,1.03674,0.035112,968.848312,7.227587,4622.871406,730.147918,1.137145,30.134354,110.587841,24.871929,202.093932,7.435897,65.243765,157.842186,17.864285,17.05727,55.891143,1,2.41587,0.857839,0.840369,3.519511,0.857839,6.993888,0.857839,59.984864,10603.881482,8.77767,237.84642,8.865304,27.750716,7.516973,114.046113,369.242932,16195.225126,3.53953,0.857839,84.733311,1660.232319,48072.823194,147.590544,0.857839,175.116336,0.806468,130.89458,128.668442,96.434255,4628.182274,494.516161,1023.430793,1351.929888,0.34401,0.947789,494.763156,12718.971963,1720.501423,230.751407,165.028274,18.137903,3.357695,0.687848,5.23515,10.553142,20.240156,4508.782,61.922417,2022.309337,3250.399028,9.136089,405.960721,49.57634,17.516294,925.636767,23.308415,4.749292,72.584422,18.137898,468.447486,40.259183,10.027286,135.313403,1.662009,0.437796,1.137387,4.536646,4.008481,57.994806,202.696598,4.588727,7825.297573,4.14039,4.947838,117.564035,85.04893,1154.202605,4.269042,9.203967,15.472979,497.505305,10.291223,1.533612,1.566309,12798.57213,664.093312,23.661765,23536.614386,9.952132,2857.069671,18.13789,37.747586,12.851765,3.99138,3.270207,2.586555,15.148032,7.725487,31.518378,2622.257729,31.030458,4031.995186,1.137145,50.746114,12303.913866,243156058810.96985,25989.458662,128.784736,2.956773,659.089986,0.048844,0.000622,3.073193,0.812663,658.979869,120.367257,284.571056,18.138658,10235.677475,18.94874,366.160363
0,4.177235,117.993578,121.292102,546.164583,2.050064,626.17972,116.759289,1.565111,2.047118,1.93185,1.965383,2.296763,97.508129,1.954212,0.428708,2278.555872,1.137288,1.53549,7.843395,6.33617,1.137529,2.4020842e-05,84.581705,13.374707,2.908637,22290.838579,2.292945,1.439391,2277.400117,1.037297,0.035116,968.968953,7.228491,4623.449735,730.239261,1.137288,30.138124,110.601045,24.885904,202.119353,7.436895,65.25189,157.861932,17.862121,17.059404,55.897873,1,2.41617,0.857946,0.841081,3.519889,0.857946,6.994436,0.857946,59.99262,10605.207325,8.778768,237.876175,8.866465,27.748879,7.517105,114.06038,369.254583,16197.251176,3.537522,0.857946,84.743911,1660.440017,48078.836933,147.608988,0.857946,175.138243,0.806564,130.947869,128.684308,96.444304,4628.760578,494.577966,1023.558826,1352.098782,0.344053,0.947907,494.825052,12720.562839,1720.716355,230.780274,165.048879,18.139689,3.358115,0.687934,5.234601,10.554221,20.242688,4509.34627,61.930164,2022.562331,3250.805658,9.137232,406.011507,49.582542,17.516469,925.752017,23.30371,4.749879,72.59258,18.139948,468.506039,40.257419,10.004032,135.33033,1.662743,0.437851,1.137529,4.537212,4.008894,58.001869,202.721162,4.590381,7826.276531,4.14086,4.948805,117.578742,85.313656,1154.346998,4.271085,9.205118,15.474914,497.562015,10.288325,1.53353,1.566503,12800.172624,664.175979,23.664696,23539.558855,9.953377,2857.427095,18.140201,37.81494,12.853373,3.99188,3.270605,2.586872,15.299914,7.726454,31.522318,2622.585703,31.03434,4032.499595,1.137288,50.752463,12305.452199,243186478033.9399,25992.709986,128.800847,2.957142,659.172439,0.048827,0.000622,3.073577,0.812765,659.057648,120.382047,284.605769,18.156679,10236.956907,18.95111,366.20617
0,4.15054,117.235943,120.060423,544.187906,2.037327,626.240367,116.341226,1.570112,2.034532,1.922689,1.946925,2.282411,96.982226,1.956391,0.425995,2265.613364,1.129982,1.526054,7.805572,6.421009,1.130455,2.4337142e-05,84.015433,13.2918,2.89038,22147.641862,2.278578,1.440868,2263.917394,1.037923,0.034883,962.511173,7.182274,4593.183626,725.670951,1.129982,29.944516,110.596988,24.814505,200.820674,7.437554,64.776189,157.233244,17.789983,16.949814,55.651207,1,2.404827,0.852434,0.838136,3.491931,0.852434,6.948785,0.852434,59.832639,10551.203911,8.723992,236.503521,8.811428,27.627895,7.520371,112.98772,367.114141,16170.038522,3.515588,0.852434,84.073748,1649.773322,47741.727963,147.62041,0.852434,173.994041,0.801174,130.330931,127.85714,95.827092,4604.675113,492.954556,1016.983467,1351.10844,0.341842,0.942012,491.720983,12661.445649,1707.199017,229.333954,164.694794,17.887957,3.336542,0.683515,5.215883,10.477755,20.087126,4480.377361,61.650827,2009.886516,3229.922428,9.079174,403.403282,49.25626,17.457903,920.935293,23.162028,4.714852,72.126811,17.898713,466.388542,39.973091,10.026413,134.428131,1.664541,0.435037,1.130455,4.480412,3.988328,58.129086,199.475408,4.576336,7767.943103,4.114254,4.948525,117.009285,84.079453,1148.061435,4.24244,9.138588,16.675468,494.3636,10.29221,1.529088,1.556433,12712.294093,659.909152,23.85953,23388.340338,9.891757,2839.070936,17.8992,37.600709,12.77288,3.954936,3.259979,2.56913,14.777787,7.686016,31.179582,2598.958252,30.840045,4007.271676,1.129982,50.546928,12246.173553,241624244057.02032,25825.732385,127.973428,2.938146,652.970466,0.049304,0.000626,3.053832,0.807706,653.688869,120.061188,282.778231,17.937892,10171.194552,18.841523,363.853655
0,4.144514,118.362513,119.463303,544.201872,2.032711,624.456835,116.336834,1.558361,2.031018,1.916075,1.956321,2.277372,96.768007,1.955542,0.425398,2262.328562,1.128343,1.531259,7.776853,6.406278,1.127883,2.4600209e-05,83.96145,13.254429,2.909931,22115.531083,2.273471,1.433481,2262.328476,1.033822,0.034653,956.191991,7.170964,4603.979667,724.061873,1.128343,29.901101,110.747303,24.685959,200.528926,7.438261,64.766957,157.11166,17.749629,16.925239,55.683559,1,2.39468,0.851199,0.833908,3.492251,0.851199,6.978837,0.851199,59.519798,10296.133806,8.704586,235.869247,8.79414,27.610091,7.51646,111.428989,362.824494,16187.722495,3.481865,0.851199,84.101246,1647.381397,47700.718444,147.609526,0.851199,174.038572,0.79996,131.07171,127.649556,95.684469,4597.999549,492.014456,1015.508993,1351.192684,0.341629,0.939936,490.620192,12665.654853,1709.51279,228.827448,164.879209,18.064446,3.331704,0.682523,5.176638,10.468208,20.135458,4468.239784,61.596899,2005.421204,3225.239522,9.055535,402.818408,48.631502,17.433093,918.471313,23.172338,4.723228,72.022373,18.064353,465.712017,39.93223,10.001297,134.33872,1.656143,0.434437,1.127883,4.465421,3.977414,58.200041,199.379677,4.564544,7758.948929,4.108271,4.947332,117.56249,84.962009,1142.447715,4.237612,9.117964,15.471853,493.653047,10.266911,1.529751,1.554186,12705.147337,658.952775,24.04273,23354.430732,9.869479,2834.954706,18.064825,37.516854,12.739261,3.960485,3.253576,2.571835,15.139546,7.663225,31.06386,2595.190275,30.783632,3996.10376,1.128343,50.423783,12208.676075,241273924929.1376,25674.89041,127.787886,2.933886,656.133441,0.048935,0.000622,3.049405,0.805117,654.99515,119.745484,282.367813,18.096101,10156.445865,18.864138,363.326122
0,4.155551,119.07439,120.943795,546.626133,2.039588,625.241974,116.644985,1.566636,2.036989,1.913529,1.95553,2.284918,97.071275,1.955989,0.42657,2270.046594,1.131346,1.53361,7.814118,6.45905,1.131661,2.6016505e-05,84.089925,13.345386,2.924951,22174.389852,2.281169,1.443541,2268.348998,1.037931,0.03438,948.6561,7.190854,4557.821386,726.490008,1.131346,29.98068,110.475612,24.635749,201.062586,7.439847,64.833294,157.359186,17.780251,16.970285,55.831912,1,2.404121,0.853464,0.834537,3.501567,0.853464,6.986043,0.853464,59.734804,10295.252187,8.736573,236.762164,8.819128,27.678349,7.521185,115.453184,362.379444,16296.875493,3.503112,0.853464,84.20651,1651.765775,47799.385882,146.825955,0.853464,174.179118,0.802106,131.375908,128.012228,95.941698,4611.367338,491.350257,1018.211691,1357.898445,0.342311,0.943122,492.810034,12716.334043,1709.534261,228.602744,165.30349,17.965526,3.340572,0.68434,5.205916,10.467781,20.201501,4485.78864,61.63251,2012.156339,3233.823247,9.085385,403.890478,48.759719,17.478895,922.04788,23.279348,4.744302,72.214141,17.97142,467.024997,40.053545,10.013891,134.5436,1.665291,0.435577,1.131661,4.481827,3.994032,58.196361,199.852608,4.573916,7806.422778,4.119254,4.947037,117.602987,86.770423,1145.488251,4.249307,9.142266,16.806432,494.961972,10.309169,1.536146,1.558319,12750.274147,662.968813,24.143495,23416.586736,9.902131,2842.499718,17.965471,37.616706,12.787925,3.959712,3.253192,2.576924,15.495032,7.694343,31.238062,2602.096998,31.082931,4005.925073,1.131346,50.506796,12235.511533,241916056747.52905,25749.444542,128.127984,2.941694,655.83319,0.049655,0.000625,3.05752,0.810347,655.616678,119.413738,283.119082,17.981505,10183.461167,18.97317,364.293086
0,4.149473,118.617587,121.27254,545.684537,2.036118,623.251886,116.616495,1.577029,2.033445,1.921349,1.953145,2.281184,97.133006,1.954707,0.425914,2267.291283,1.129692,1.536409,7.789858,6.42105,1.129757,2.6181393e-05,84.087827,13.213848,2.926077,22141.957721,2.277289,1.437815,2267.291305,1.040847,0.034292,946.252333,7.210821,4555.67391,725.518864,1.129692,29.936831,109.297541,24.519509,200.768994,7.439641,65.014223,157.418076,17.753331,16.945464,55.696135,1,2.41087,0.852216,0.834712,3.490731,0.852216,6.964535,0.852216,59.732435,10280.194533,8.721731,236.437002,8.812522,27.654651,7.521148,112.951696,360.360515,16288.460071,3.519317,0.852216,84.07115,1648.22022,47757.71715,146.419547,0.852216,174.324854,0.80096,130.886644,127.938025,95.794418,4603.493429,490.623745,1016.722461,1362.300934,0.341924,0.941514,491.959222,12697.735376,1707.037679,228.213915,165.641081,17.758771,3.335686,0.68334,5.190915,10.486366,20.222894,4470.189901,61.617003,2008.734173,3229.093476,9.078298,403.29975,49.356067,17.46464,921.828036,23.165569,4.759464,72.10788,17.747398,466.607996,39.994824,10.047828,134.539014,1.675853,0.434916,1.129757,4.482055,3.982155,58.297705,200.070877,4.555165,7837.093693,4.113174,4.943646,117.612263,86.295681,1146.637096,4.241206,9.136278,16.926625,494.236612,10.334612,1.537396,1.556035,12799.407674,661.999728,24.019488,23382.337775,9.885495,2838.342295,17.747632,37.917538,12.760642,3.965218,3.255204,2.57253,15.585001,7.681506,31.207764,2598.29064,31.061791,4002.760936,1.129692,50.551941,12217.6161,241562231755.21188,25700.48664,127.940584,2.937392,654.937639,0.050898,0.000631,3.053048,0.807343,655.7784,119.611612,282.422594,17.76046,10168.571942,18.951774,363.760273
0,4.173197,119.298209,121.570547,549.665372,2.047789,625.947599,117.357535,1.582288,2.045673,1.935999,1.965899,2.294251,97.642373,1.959478,0.428383,2280.860133,1.136169,1.544276,7.82317,6.403228,1.13622,2.7343773e-05,84.430594,13.250871,2.941466,22268.920848,2.290331,1.436135,2280.292459,1.044015,0.034106,941.100951,7.246152,4602.099727,729.677389,1.136169,30.10849,110.780947,24.442304,201.920479,7.438859,65.500614,158.498846,17.856348,17.04263,56.02496,1,2.433721,0.857102,0.835726,3.51649,0.857102,7.00453,0.857102,59.994124,10333.461379,8.77193,237.727635,8.859475,27.79643,7.520992,113.600861,358.694415,16268.52604,3.5394,0.857102,84.607754,1658.807369,48003.15886,146.168636,0.857102,175.48035,0.805589,131.360546,128.671625,96.351487,4629.89083,492.533762,1022.5524,1360.739045,0.343862,0.946858,494.784272,12793.26819,1720.160915,230.513613,167.158972,17.770123,3.354813,0.687258,5.230657,10.521361,20.321989,4493.550494,61.932215,2020.225692,3247.609265,9.128455,405.612291,49.656531,17.554248,928.822758,23.16809,4.782181,72.522124,17.764053,469.476999,40.595762,10.042403,135.08895,1.675792,0.437438,1.13622,4.492986,4.011104,58.323671,201.102378,4.545742,7901.772679,4.136837,4.945182,117.587899,85.724408,1154.348142,4.264837,9.18863,15.763767,497.078305,10.318532,1.542555,1.564964,12878.480885,663.523332,24.164095,23516.413305,9.941922,2854.617496,17.764052,38.209798,12.834036,3.976593,3.273347,2.595583,15.764394,7.712604,31.418536,2622.279428,31.24182,4028.031475,1.136169,50.842414,12281.991929,242947362044.38968,25779.684389,128.674202,2.954235,659.31951,0.05079,0.000632,3.070555,0.812544,658.414278,119.894322,284.326814,17.708047,10226.892365,19.151694,365.846093
0,4.173269,118.735616,121.505981,546.921932,2.037568,625.947599,116.71065,1.582629,2.045673,1.935999,1.956087,2.2828,97.157178,1.959529,0.428356,2255.466643,1.136169,1.536602,7.784124,6.403228,1.130549,2.7241823e-05,84.011049,13.184734,2.926785,22268.920848,2.2789,1.43676,2280.292459,1.043688,0.034223,944.324199,7.246152,4561.399923,726.035489,1.136169,30.10849,110.279504,24.441323,201.276472,7.44045,64.861531,158.498846,17.856348,17.04263,56.088577,1,2.424704,0.857102,0.836126,3.51649,0.857102,6.99212,0.857102,59.994124,10322.257601,8.728148,236.54111,8.860043,27.759651,7.520992,113.033866,358.762586,16268.52604,3.5394,0.857102,84.39183,1650.127028,48003.15886,146.168636,0.857102,174.602964,0.805589,131.327597,128.095747,96.351487,4607.105935,492.533762,1022.5524,1360.625428,0.343862,0.942124,492.31475,12719.172848,1709.724866,229.368167,167.158972,17.770123,3.354813,0.687258,5.199984,10.497081,20.220559,4496.921443,61.623105,2010.186983,3247.609265,9.083095,405.612291,49.656531,17.554248,923.012396,23.15491,4.782181,72.522124,17.764053,469.476999,40.028265,10.04513,134.417679,1.675149,0.437438,1.130549,4.48839,3.970522,58.323671,199.66196,4.545373,7862.334068,4.136837,4.945296,117.596466,85.724408,1173.154295,4.265341,9.18863,17.024406,497.078305,10.316924,1.540055,1.564964,12878.480885,663.523332,24.164095,23516.413305,9.892301,2854.617496,17.659823,38.187074,12.76998,3.976593,3.273347,2.595583,15.763787,7.674109,31.418536,2609.403193,31.085888,4007.92713,1.136169,50.588654,12230.768612,242947362044.38968,25779.684389,128.674202,2.954235,656.043284,0.05079,0.000632,3.070555,0.808506,656.043284,119.894322,284.326814,17.715726,10226.892365,19.056106,365.846093
0,4.170078,118.647376,121.415682,546.51548,2.036054,625.482404,116.689654,1.581563,2.044153,1.927134,1.954634,2.281104,97.084975,1.958072,0.428038,2253.790464,1.135325,1.53546,7.778339,6.39847,1.129709,2.7115632e-05,83.948615,13.174936,2.92461,22252.37141,2.277206,1.435919,2278.597773,1.043296,0.034198,943.622412,7.240761,4558.01006,725.495927,1.135325,30.086114,110.197549,24.427371,201.126891,7.438934,64.813328,158.381056,17.853136,17.029965,56.046894,1,2.422895,0.856465,0.83536,3.513812,0.856465,6.986923,0.856465,59.940555,10314.586482,8.721662,236.365322,8.853475,27.739021,7.5154,112.949864,358.972727,16256.435874,3.536333,0.856465,84.329105,1648.900714,47967.484583,146.059864,0.856465,174.473206,0.804928,131.274796,128.000551,96.273377,4603.682104,492.16134,1021.792477,1359.614185,0.343606,0.941424,491.94888,12709.72043,1708.454262,229.197709,167.03471,17.7565,3.35232,0.686747,5.196119,10.48928,20.205532,4493.579498,61.577309,2008.693087,3245.195762,9.076344,405.310855,49.619628,17.540982,922.326448,23.154955,4.778627,72.46796,17.750774,469.127798,39.998517,10.035859,134.317785,1.675785,0.437112,1.129709,4.485055,3.967571,58.280327,199.513579,4.545335,7856.491072,4.133678,4.947181,117.509073,85.685084,1172.28245,4.261553,9.181801,17.011685,496.701705,10.282878,1.539813,1.5638,12868.909727,663.029615,24.146151,23498.936777,9.884949,2852.49605,17.646699,38.218428,12.760489,3.973638,3.27084,2.593653,15.755476,7.668406,31.395183,2607.463981,31.062787,4004.948587,1.135325,50.551058,12221.679158,242766812561.3193,25760.525883,128.578576,2.952039,655.555737,0.050767,0.000632,3.068273,0.807905,655.555737,119.8052,284.11505,17.69428,10219.293854,19.041945,365.57421
0,4.162096,119.548141,121.75612,547.884918,2.041804,623.469827,117.226569,1.578091,2.039653,1.925468,1.956936,2.287489,97.403278,1.956577,0.427213,2275.912964,1.133141,1.535282,7.811493,6.417542,1.132891,2.7078446e-05,83.92063,13.188947,2.924428,22209.556436,2.284191,1.435219,2274.213448,1.050705,0.034315,946.826758,7.224788,4589.264895,727.54081,1.133141,30.028227,111.162715,24.354613,201.381983,7.439748,65.388604,158.264633,17.823964,16.997198,55.975161,1,2.414553,0.854817,0.834431,3.501298,0.854817,7.008477,0.854817,59.914804,10294.58254,8.743314,237.02171,8.832973,27.727736,7.526094,115.191711,358.797277,16192.749638,3.55592,0.854817,83.917279,1654.951897,47903.520254,146.412803,0.854817,175.127373,0.803511,130.634106,128.441769,96.087697,4617.548058,493.483513,1019.826483,1357.678097,0.342922,0.944125,493.434615,12769.362073,1711.756274,229.842235,167.846489,17.433399,3.345869,0.685425,5.22382,10.50983,20.336118,4487.236717,61.635976,2014.768693,3238.951799,9.099022,404.531012,49.745928,17.518755,925.199361,23.083361,4.763955,72.328125,17.824223,468.712245,40.413507,10.039722,134.301744,1.674794,0.436236,1.132991,4.456626,3.994282,58.475731,200.282224,4.542443,7870.713319,4.125748,4.945482,117.608853,84.91874,1152.970596,4.25367,9.156729,17.001235,495.7535,10.312384,1.536423,1.560786,12855.480702,664.020114,24.075812,23453.723332,9.915606,2847.007666,17.824067,38.106379,12.799123,3.977324,3.268005,2.588037,15.643018,7.690051,31.290427,2606.223843,31.144933,4000.026162,1.133141,50.692476,12294.576079,242299713817.67664,25722.292403,128.331183,2.946359,656.301985,0.050379,0.000629,3.062369,0.810426,655.520528,119.94257,283.568961,17.771707,10199.621317,19.162033,364.870822
0,4.174914,119.970121,121.873982,548.214223,2.048093,607.642331,117.666003,1.576667,2.046483,1.929076,1.960226,2.294546,97.704933,1.955779,0.428603,2281.763066,1.136619,1.537849,7.824348,6.330168,1.136449,2.6596792e-05,83.979048,13.214538,2.926864,22277.736535,2.290738,1.429554,2280.058366,1.049736,0.034117,941.405256,7.244836,4540.725551,729.305688,1.136619,30.120409,110.820414,24.419137,201.999972,7.442247,65.587201,158.211282,17.857196,17.049377,56.120551,1,2.415885,0.857442,0.833744,3.51249,0.857442,7.018626,0.857442,59.855998,10326.184867,8.77047,237.763256,8.861191,27.818809,7.524306,117.427366,357.122723,16235.468809,3.543888,0.857442,83.901763,1660.600667,48022.161392,147.010215,0.857442,175.357292,0.805851,131.084016,128.836201,96.372126,4631.722809,492.866489,1022.957202,1352.014217,0.343998,0.947024,494.78134,12821.064813,1720.841624,230.553987,168.791728,17.771057,3.356141,0.687529,5.216646,10.519411,20.410376,4495.328944,61.603846,2020.579458,3248.894909,9.126469,405.772863,49.840184,17.560931,926.915688,23.181724,4.76414,72.550469,17.663026,470.104168,40.253365,9.970989,134.366357,1.676292,0.437624,1.136449,4.442474,4.011977,57.95847,200.783843,4.537782,7887.790747,4.138445,4.944633,117.588954,84.665176,1159.351595,4.266296,9.184875,16.186562,497.264496,10.271457,1.535226,1.565581,12905.173961,664.922273,24.133263,23525.722842,9.944303,2855.747565,17.77105,37.86757,12.830376,3.978167,3.27117,2.596604,15.647611,7.713801,31.442638,2614.22396,31.290178,4011.597215,1.136619,50.611512,12343.684866,243043538593.28506,25801.824398,128.725141,2.955404,657.431488,0.049939,0.000624,3.07177,0.811821,655.829086,119.912622,284.495928,17.643433,10230.935513,19.2171,365.990922
0,4.202128,120.151448,122.12469,550.837784,2.061508,606.334636,118.590483,1.571065,2.05925,1.945879,1.968932,2.309448,98.340884,1.955481,0.431416,2296.635532,1.144028,1.545552,7.87511,6.33185,1.143851,2.6039406e-05,84.640016,13.269462,2.934326,22422.942184,2.305603,1.430446,2293.775244,1.045859,0.03414,942.015382,7.274409,4552.280554,732.942822,1.144028,30.316733,110.971104,24.32569,203.316294,7.440939,65.95306,158.979779,17.985601,17.160504,56.526624,1,2.417159,0.86303,0.834752,3.529357,0.86303,7.064411,0.86303,60.576055,10387.771099,8.818892,239.204274,8.914166,28.057289,7.524386,116.023119,353.046317,16358.394344,3.554689,0.86303,84.428498,1670.280387,48340.889318,147.003942,0.86303,176.561604,0.811142,131.194789,129.675284,96.999595,4661.912852,493.540036,1029.624808,1356.765337,0.345863,0.953184,497.207241,12910.352167,1730.914093,232.054796,169.886736,17.778225,3.378016,0.692011,5.251234,10.562233,20.588099,4536.069138,61.611374,2033.732277,3270.071113,9.183108,408.417679,50.17025,17.674988,933.526518,23.297122,4.788951,73.023591,17.778047,473.558701,40.497418,9.913454,135.424066,1.671046,0.440462,1.143851,4.457705,4.032682,58.356556,201.635182,4.52573,7942.095917,4.165404,4.943804,117.594388,85.343891,1166.908216,4.294092,9.237277,16.039883,500.503685,10.238751,1.540318,1.575781,12984.714006,669.256106,24.304299,23679.06283,10.008864,2874.361246,17.697513,38.060654,12.919194,4.015537,3.289081,2.60816,15.156534,7.786083,31.590726,2631.263391,31.71806,4034.144262,1.144028,51.112349,12424.140976,244627689424.01135,25969.999952,129.564168,2.974668,660.374395,0.049466,0.000627,3.091792,0.816764,661.24806,119.979928,286.292985,17.520406,10297.625149,19.416039,368.376441
0,4.207908,120.288232,122.29284,550.838873,2.065559,607.168319,118.882665,1.573703,2.062654,1.953335,1.955481,2.313988,98.533469,1.955936,0.431902,2299.793652,1.145601,1.541845,7.902126,6.333111,1.146096,2.6935016e-05,84.60519,13.218844,2.932177,22453.776127,2.310088,1.433204,2298.075087,1.043869,0.033899,935.381768,7.285564,4544.713024,731.059705,1.145601,30.358422,110.54897,24.541092,203.596482,7.44211,66.158261,160.026796,17.977226,17.184035,56.64997,1,2.418994,0.833906,0.835534,3.522765,0.833906,7.085544,0.833905,60.659976,10407.783295,8.836164,239.778312,8.921997,28.095836,7.520178,116.250803,354.918587,16392.402174,3.565138,0.833905,84.743014,1673.150002,48401.634432,147.210287,0.833906,177.395706,0.812239,130.733686,129.911838,97.146603,4668.323227,491.978795,1031.04092,1359.627707,0.34588,0.955142,498.472456,12928.105013,1730.774623,232.511105,170.837702,17.647954,3.382661,0.692963,266.094464,10.548121,20.620625,4542.307652,61.612624,2037.731702,3275.079334,9.196781,408.979297,50.178648,17.699186,936.521908,23.301183,4.784604,73.123631,17.647989,474.39094,40.549563,9.977335,135.369646,1.669711,0.44106,1.146096,4.462063,4.04435,58.786549,202.055362,4.53975,7958.816259,4.171101,4.943295,117.687307,87.456334,1162.784835,4.299259,9.24998,14.916625,501.215707,10.232049,1.54221,1.577948,13015.170519,670.176954,24.29075,23711.624073,10.028213,2877.74901,17.647929,38.068079,12.933169,4.009603,3.260949,2.611744,15.574217,7.79991,31.58533,2634.881958,31.798933,4040.909254,1.145601,51.166104,12429.769162,244964078652.0414,26022.32269,130.222065,2.992702,655.848697,0.04968,0.000629,3.096044,0.817565,654.137941,119.74319,286.686499,17.646801,10311.779284,19.626402,368.882998
0,4.193127,119.987889,121.410807,548.978433,2.056857,611.330538,118.564148,1.584031,2.0549,1.945271,1.949156,2.30441,98.05542,1.9555,0.430432,2292.926006,1.141611,1.535848,7.857795,6.318708,1.141292,2.6494966e-05,84.586877,13.14858,2.942824,22375.578654,2.300523,1.433241,2292.355614,1.043676,0.033914,935.790532,7.252204,4574.435901,726.821384,1.141611,30.252696,110.398247,24.517474,202.887584,7.442967,66.042654,159.79506,17.913352,17.12419,56.514177,1,2.41912,0.831002,0.834786,3.521916,0.831001,7.044186,0.831001,60.562917,10365.829701,8.796581,238.77245,8.887333,27.998059,7.519227,118.332832,356.833842,16341.649971,3.547374,0.831001,84.920463,1666.752288,48233.071736,146.800219,0.831002,176.593349,0.809521,130.411996,129.463047,96.786027,4652.06586,491.606349,1027.450219,1358.814532,0.344676,0.951044,496.925072,12888.790348,1725.092413,231.53869,170.956706,17.524167,3.370881,0.69055,5.222916,10.537505,20.566182,4526.488629,61.404752,2029.235543,3263.673549,9.151485,407.554986,50.006842,17.638324,933.271388,23.180459,4.770227,72.869471,17.524162,472.958516,40.417287,9.991096,135.339195,1.678479,0.439533,1.141292,4.416327,4.030463,58.591422,201.095233,4.538989,7942.006794,4.15665,4.943523,117.593875,87.030845,1158.735323,4.283487,9.195539,17.060903,499.45908,10.312893,1.538635,1.57246,12980.693836,667.842913,24.319786,23629.046022,9.986805,2867.726967,17.524153,37.87071,12.891131,3.995639,3.293591,2.589117,15.441894,7.746775,31.454855,2633.69732,31.9221,4023.025276,1.141611,50.976458,12391.047867,244110967273.5161,25931.697405,129.768554,2.98228,653.721539,0.049724,0.000628,3.085262,0.810927,653.001961,119.686929,285.688607,17.551569,10275.874438,19.54468,367.598326
0,4.193127,119.987889,121.410807,548.978433,2.056857,611.330538,118.564148,1.584031,2.0549,1.945271,1.949156,2.30441,98.05542,1.9555,0.430432,2292.926006,1.141611,1.535848,7.857795,6.318708,1.141292,2.6464579e-05,84.586877,13.14858,2.942824,22375.578654,2.300523,1.433241,2292.355614,1.043676,0.033914,935.790532,7.252204,4574.435901,726.821384,1.141611,30.252696,110.398247,24.517474,202.887584,7.442967,66.042654,159.79506,17.913352,17.12419,56.514177,1,2.41912,0.831002,0.834786,3.521916,0.831001,7.044186,0.831001,60.562917,10365.829701,8.796581,238.77245,8.887333,27.998059,7.519227,118.332832,356.833842,16341.649971,3.547374,0.831001,84.920463,1666.752288,48233.071736,146.800219,0.831002,176.593349,0.809521,130.411996,129.463047,96.786027,4652.06586,491.606349,1027.450219,1358.814532,0.344676,0.951044,496.925072,12888.790348,1725.092413,231.53869,170.956706,17.524167,3.370881,0.69055,5.222916,10.537505,20.566182,4526.488629,61.404752,2029.235543,3263.673549,9.151485,407.554986,50.006842,17.638324,933.271388,23.180459,4.770227,72.869471,17.524162,472.958516,40.417287,9.991096,135.339195,1.678479,0.439533,1.141292,4.416327,4.030463,58.591422,201.095233,4.538989,7942.006794,4.15665,4.943523,117.593875,87.030845,1158.735323,4.283487,9.195539,17.060903,499.45908,10.312893,1.538635,1.57246,12980.693836,667.842913,24.319786,23629.046022,9.986805,2867.726967,17.524153,37.87071,12.891131,3.995639,3.293591,2.589117,15.441894,7.746775,31.454855,2633.69732,31.9221,4023.025276,1.141611,50.976458,12391.047867,244110967273.5161,25931.697405,129.768554,2.98228,653.721539,0.049724,0.000628,3.085262,0.810927,653.001961,119.686929,285.688607,17.551569,10275.874438,19.54468,367.598326
0,4.190949,119.921358,121.346822,548.693308,2.055789,611.01299,118.561775,1.581206,2.053833,1.955171,1.948144,2.303213,98.004496,1.954485,0.430088,2291.735201,1.141018,1.53505,7.853714,6.315424,1.1407,2.6472855e-05,84.542948,13.141751,2.941296,22363.958149,2.299328,1.431202,2291.164207,1.043561,0.033896,935.304022,7.248436,4572.06022,726.443918,1.141018,30.236984,110.337432,24.505646,202.78173,7.442212,66.008005,159.69808,17.912915,17.115296,56.479217,1,2.41787,0.83057,0.834508,3.520091,0.83057,7.03986,0.83057,60.531047,10360.445719,8.792012,238.648446,8.881857,27.983445,7.515311,118.271377,356.465797,16333.163119,3.544686,0.83057,84.876352,1665.886678,48208.021881,146.723276,0.83057,176.501638,0.809098,130.429718,129.392517,96.735755,4649.649441,491.351049,1026.916625,1358.108237,0.344496,0.95055,496.666999,12882.096369,1724.196505,231.418443,170.867209,17.514232,3.36913,0.690191,5.220181,10.531948,20.555501,4524.137838,61.372862,2028.181682,3261.978597,9.146733,407.343327,49.977788,17.628542,932.781519,23.170203,4.767749,72.831109,17.514388,472.712626,40.394433,10.016994,135.268908,1.676033,0.439305,1.1407,4.414032,4.028368,58.560993,200.990565,4.537598,7937.882202,4.154382,4.934071,117.532804,87.110015,1158.133547,4.281668,9.190763,17.052042,499.198775,10.300029,1.538703,1.571637,12973.944633,667.496028,24.307088,23616.774543,9.981619,2866.237645,17.514378,37.876673,12.884436,3.993564,3.291862,2.587773,15.420859,7.742752,31.438451,2632.329001,31.905521,4020.935963,1.141018,50.949984,12384.612593,243984190989.96063,25918.230069,129.70116,2.980731,653.382036,0.049725,0.000628,3.083659,0.810506,652.662237,119.623762,285.539514,17.519616,10270.536337,19.534529,367.407418
0,4.191102,119.599162,122.337998,549.391836,2.056226,612.189582,118.718999,1.582416,2.053845,1.940339,1.954999,2.303661,98.088497,1.954724,0.430187,2276.442349,1.141025,1.537946,7.866825,6.295374,1.140915,2.7004705e-05,84.701496,13.182397,2.950446,22364.089662,2.299822,1.428135,2291.177784,1.04288,0.034012,938.504765,7.243456,4572.041465,724.112201,1.141025,30.237162,110.218149,24.446232,202.78268,7.442119,65.931952,159.267852,17.926301,17.115397,56.711494,1,2.423138,0.830575,0.836069,3.520048,0.830575,7.15076,0.830574,60.531285,10346.501996,8.793762,238.702718,8.888756,28.052076,7.528029,117.072236,355.983856,16378.215551,3.548633,0.830575,84.727209,1665.192174,48208.305543,146.61978,0.830575,176.923795,0.809011,130.729531,129.437933,96.756654,4657.320306,491.353911,1026.922664,1359.029426,0.344727,0.950796,496.867832,12913.011046,1725.213741,231.084073,170.868162,17.514648,3.369151,0.690194,5.219681,10.533092,20.559561,4547.177124,61.627422,2028.573811,3261.99778,9.154809,407.345723,50.034553,17.629136,933.794071,23.154991,4.773477,72.83129,17.514962,472.715174,40.451805,9.946942,135.522393,1.679213,0.439363,1.140915,4.413801,4.040782,58.825557,200.803644,4.525591,7938.225686,4.154457,4.945317,117.59397,86.828616,1184.476513,4.281705,9.190817,15.503755,499.193712,10.289879,1.53865,1.57165,12974.026635,667.49957,24.267892,23616.913422,9.982757,2866.254501,17.558936,37.766212,12.886822,3.993587,3.291811,2.587788,15.353176,7.744344,31.308249,2624.356942,32.162529,4021.790451,1.141025,50.857382,12367.642867,243985625753.01697,25935.497858,129.701923,2.980749,655.67829,0.049562,0.000627,3.083678,0.810356,655.67829,119.625102,285.540973,17.561973,10270.594553,19.669639,367.409579
0,4.161709,119.599035,121.919285,545.573223,2.041958,607.299875,117.982158,1.576357,2.040007,1.898924,1.946446,2.288149,97.429615,1.956515,0.427173,2274.542684,1.133023,1.529381,7.802259,6.307766,1.133276,2.6733962e-05,84.515819,13.121329,2.932661,22207.241147,2.284268,1.415876,2272.843313,1.03918,0.033585,926.710622,7.198433,4574.351769,719.098384,1.133023,30.025096,109.90294,24.392391,201.361121,7.44253,65.374888,158.449922,17.83128,16.99536,56.200676,1,2.412261,0.82475,0.833074,3.489703,0.82475,7.019075,0.824749,59.965253,10276.514372,8.72994,237.085342,8.829033,27.760661,7.519303,114.297308,357.84287,16303.174163,3.548723,0.824749,84.545743,1654.212861,47898.526188,145.797735,0.82475,175.018718,0.803351,129.804157,128.602348,96.06728,4618.200115,491.788226,1019.720435,1351.758152,0.342592,0.94421,494.031273,12786.159025,1711.354301,229.479442,170.236397,17.539145,3.345521,0.685354,5.18354,10.514542,20.454087,4526.424818,61.627919,2014.885829,3239.120054,9.095669,404.48884,49.683673,17.505449,925.114411,23.116155,4.740003,72.320475,17.538985,469.633449,40.106761,9.980586,135.224832,1.673346,0.436224,1.133246,4.404625,3.972947,58.662208,199.529863,4.535115,7901.355573,4.125385,4.944056,117.590716,87.065414,1151.150868,4.251013,9.133716,15.354387,495.69865,10.348478,1.530305,1.56063,12888.130816,662.81768,24.112414,23451.278342,9.914755,2846.152285,17.36924,37.507008,12.799729,3.976909,3.260276,2.569639,15.368887,7.691987,31.192902,2605.951412,32.247828,3995.776753,1.133023,50.510126,12247.973025,242274454691.07895,25787.592271,128.792271,2.959843,652.832631,0.04827,0.000624,3.06205,0.804948,652.050812,119.681458,283.538711,17.581948,10198.561114,19.548245,364.832785
0,4.166423,119.386048,121.881231,545.31898,2.044504,599.478621,118.200593,1.572152,2.041754,1.924102,1.95693,2.290437,97.529881,1.954278,0.427722,2276.555561,1.134308,1.529826,7.821625,6.16916,1.134413,2.718958e-05,84.343559,13.122088,2.931948,22232.430992,2.286635,1.419183,2274.287376,1.038801,0.033257,917.666515,7.197122,4530.50437,719.228496,1.134308,30.059154,110.70471,24.281782,201.58944,7.442884,65.551601,158.503651,17.820428,17.014638,56.260127,1,2.407852,0.825685,0.833568,3.487978,0.825685,7.112219,0.825685,59.721732,10248.470368,8.740521,237.408238,8.837896,27.79214,7.525229,114.435813,355.593832,16291.891401,3.559412,0.825685,84.448584,1656.089247,47924.500898,145.191297,0.825685,175.842983,0.804165,129.710333,128.800875,96.186682,4618.900663,492.513006,1020.877111,1347.841604,0.342981,0.945311,495.350668,12800.662834,1714.188027,230.140912,170.997167,17.377867,3.349316,0.686132,5.189452,10.523013,20.476312,4531.558965,61.618135,2016.959374,3242.794213,9.104459,404.947655,49.680254,17.536315,926.158556,23.270889,4.756127,72.402819,17.377724,470.363382,40.2226,9.962551,134.949894,1.673057,0.436752,1.134413,4.381849,3.975682,58.398971,199.921872,4.523668,7900.167327,4.129996,4.945016,117.610691,86.606205,1151.322319,4.255079,9.144028,15.598719,496.255143,10.337623,1.528937,1.562392,12877.228758,663.57044,23.985503,23477.879307,9.926362,2849.380697,17.46801,37.358389,12.81336,3.970077,3.283833,2.572553,15.23216,7.691355,31.264472,2608.907985,32.251632,3993.144932,1.134308,50.571316,12278.881064,242549268471.43286,25754.456411,128.938361,2.963201,656.328879,0.047073,0.000617,3.065524,0.808258,656.200801,119.612943,283.86034,17.385999,10210.132378,19.625533,365.246618
0,4.155582,118.791873,121.337836,544.928419,2.039383,602.934069,117.96633,1.567918,2.037004,1.925982,1.951638,2.284752,97.288392,1.955981,0.42654,2274.02319,1.131355,1.523421,7.79103,6.131486,1.131564,2.7807336e-05,84.309029,13.014115,2.904773,22174.554493,2.28099,1.414278,2279.679624,1.037565,0.032914,908.205719,7.173906,4497.701091,717.595415,1.131355,29.980903,110.431271,24.279035,201.064729,7.444122,65.449059,158.588808,17.807638,16.970344,56.112367,1,2.403621,0.823536,0.832056,3.484491,0.823536,7.094045,0.823535,59.566502,10216.134106,8.718818,236.637513,8.809011,27.72943,7.527242,115.727369,356.308276,16236.073037,3.536264,0.823536,84.232138,1652.343716,47799.741031,145.412878,0.823536,175.682524,0.80208,128.962003,128.46517,95.918413,4606.876508,490.951141,1018.219517,1349.14625,0.342031,0.943058,493.322511,12770.169299,1709.46058,229.146874,170.834842,17.213596,3.340597,0.684345,5.175942,10.513117,20.447968,4536.732881,61.62425,2011.966054,3234.35242,9.074867,403.893477,49.834617,17.479011,923.800201,23.231471,4.738682,72.214713,17.213627,469.455275,40.106515,10.001401,134.894647,1.676074,0.43558,1.131664,4.338728,3.970935,58.17439,199.627132,4.527019,7874.04715,4.11926,4.945718,117.593453,86.125861,1149.456498,4.243943,9.112878,15.263414,494.97053,10.43797,1.52427,1.558325,12812.593167,661.842252,24.053172,23416.7606,9.901687,2841.963057,17.213601,37.247593,12.781402,3.971055,3.275841,2.565857,15.115204,7.672184,31.260123,2613.429517,32.048201,3983.191193,1.131355,50.456726,12258.229305,241917852937.207,25625.186698,128.602702,2.955487,654.548121,0.046388,0.000615,3.057543,0.806963,653.356856,119.499374,283.121884,17.238906,10183.553741,19.717871,364.295791
0,4.166974,119.23785,121.672901,546.953541,2.045109,601.157211,118.325675,1.579236,2.036383,1.933111,1.958904,2.291195,97.522573,1.956072,0.427419,2281.429212,1.134475,1.526909,7.824176,6.192763,1.13478,3.1109451e-05,84.420901,13.036371,2.919781,22235.709869,2.287389,1.427175,2287.101997,1.034313,0.032849,906.40059,7.191215,4488.504932,720.270105,1.134475,30.063587,110.555035,24.408575,201.619342,7.444316,65.577064,158.832898,17.820623,17.017147,56.274357,1,2.411939,0.825807,0.836942,3.483282,0.825807,7.090912,0.825807,59.730551,10249.981968,8.743318,237.302328,8.833481,27.823044,7.532351,116.054089,358.658642,16256.743036,3.563477,0.825807,84.42814,1655.766253,47959.930743,145.621648,0.825807,176.610107,0.804388,128.954075,128.820072,96.199286,4617.313621,492.419307,1021.027672,1352.979178,0.342975,0.945721,494.870815,12866.652427,1709.572623,229.79207,171.763796,17.102255,3.34981,0.686233,5.201612,10.525096,20.482537,4543.572742,61.711826,2017.630951,3243.272466,9.102963,405.007377,49.550609,17.550757,925.731986,23.227132,4.749484,72.413967,17.102254,470.750826,40.200165,10.070082,135.073121,1.68713,0.436567,1.13478,4.348486,3.976379,58.153613,200.093071,4.531184,7913.329919,4.130667,4.946735,117.582716,88.02426,1151.492118,4.255407,9.152755,15.083141,496.336982,10.424809,1.525591,1.56263,12853.602059,663.668255,23.940263,23481.341866,9.92958,2849.800929,17.102254,37.337884,12.817323,3.970662,3.261053,2.572933,15.257218,7.700482,31.431995,2620.637615,32.129311,3994.367169,1.134475,50.674518,12309.054057,242585040061.79807,25673.169099,128.957377,2.963638,656.993615,0.046698,0.000618,3.065976,0.809177,656.29787,119.630801,283.90278,17.132052,10211.640386,19.830013,365.300485
0,4.166974,119.23785,121.672901,546.953541,2.045109,601.157211,118.325675,1.579236,2.036383,1.933111,1.958904,2.291195,97.522573,1.956072,0.427419,2281.429212,1.134475,1.526909,7.824176,6.192763,1.13478,3.2403964e-05,84.420901,13.036371,2.919781,22235.709869,2.287389,1.427175,2287.101997,1.034313,0.032849,906.40059,7.191215,4488.504932,720.270105,1.134475,30.063587,110.555035,24.408575,201.619342,7.444316,65.577064,158.832898,17.820623,17.017147,56.274357,1,2.411939,0.825807,0.836942,3.483282,0.825807,7.090912,0.825807,59.730551,10249.981968,8.743318,237.302328,8.833481,27.823044,7.532351,116.054089,358.658642,16256.743036,3.563477,0.825807,84.42814,1655.766253,47959.930743,145.621648,0.825807,176.610107,0.804388,128.954075,128.820072,96.199286,4617.313621,492.419307,1021.027672,1352.979178,0.342975,0.945721,494.870815,12866.652427,1709.572623,229.79207,171.763796,17.102255,3.34981,0.686233,5.201612,10.525096,20.482537,4543.572742,61.711826,2017.630951,3243.272466,9.102963,405.007377,49.550609,17.550757,925.731986,23.227132,4.749484,72.413967,17.102254,470.750826,40.200165,10.070082,135.073121,1.68713,0.436567,1.13478,4.348486,3.976379,58.153613,200.093071,4.531184,7913.329919,4.130667,4.946735,117.582716,88.02426,1151.492118,4.255407,9.152755,15.083141,496.336982,10.424809,1.525591,1.56263,12853.602059,663.668255,23.940263,23481.341866,9.92958,2849.800929,17.102254,37.337884,12.817323,3.970662,3.261053,2.572933,15.257218,7.700482,31.431995,2620.637615,32.129311,3994.367169,1.134475,50.674518,12309.054057,242585040061.79807,25673.169099,128.957377,2.963638,656.993615,0.046698,0.000618,3.065976,0.809177,656.29787,119.630801,283.90278,17.132052,10211.640386,19.830013,365.300485
0,4.165322,119.17931,121.626061,546.743316,2.044324,600.926463,118.33762,1.578167,2.035601,1.925259,1.958152,2.290315,97.485142,1.955322,0.427255,2280.55357,1.13404,1.526323,7.821173,6.190385,1.134345,3.2427168e-05,84.388499,13.031368,2.91866,22227.175519,2.286511,1.424756,2286.223396,1.034947,0.032836,906.051827,7.18845,4486.782186,719.993656,1.13404,30.052049,110.512374,24.388656,201.541258,7.443484,65.549866,158.771936,17.823207,17.010616,56.242922,1,2.410981,0.82549,0.836649,3.482106,0.82549,7.087685,0.82549,59.706759,10246.047795,8.739962,237.211248,8.831078,27.812274,7.529457,116.009546,358.446084,16250.50349,3.568018,0.82549,84.395735,1655.130748,47941.522423,145.565044,0.82549,176.542322,0.804063,129.049186,128.770336,96.162361,4615.541447,492.229328,1020.635789,1352.449066,0.342843,0.945358,494.680878,12861.705149,1708.916467,229.703873,171.686838,17.095619,3.348524,0.685969,5.199577,10.52105,20.474676,4541.828708,61.68814,2016.856559,3242.027656,9.099469,404.85193,49.531591,17.543973,925.376452,23.197431,4.747658,72.385975,17.095645,470.569647,40.184696,10.09031,135.021278,1.687207,0.4364,1.134345,4.346774,3.974811,58.131437,200.016193,4.528684,7910.292681,4.129017,4.942462,117.537586,87.806382,1151.050161,4.253898,9.149243,15.077352,496.140655,10.428021,1.524795,1.562027,12848.66797,663.413324,23.931065,23472.329427,9.925768,2848.707139,17.095664,37.397202,12.812404,3.969138,3.259798,2.571945,15.268578,7.697527,31.419931,2619.630783,32.116979,3992.83408,1.13404,50.655069,12304.329403,242491932818.22223,25663.315408,128.907881,2.9625,656.741453,0.046684,0.000618,3.064798,0.808866,656.053591,119.584151,283.792954,17.112475,10207.720132,19.822402,365.160278
0,4.159557,119.017283,121.282285,545.416254,2.041435,600.078054,118.32243,1.583022,2.033293,1.926539,1.959825,2.287022,97.384707,1.955609,0.426871,2279.598849,1.132439,1.524381,7.810052,6.214367,1.132689,3.0868268e-05,84.441951,13.064703,2.950214,22195.796045,2.283194,1.429811,2281.86363,1.035218,0.033135,914.286076,7.169353,4502.383254,718.96297,1.132439,30.009622,110.979234,24.552624,201.257086,7.443861,65.511607,158.645609,17.788688,16.986601,56.202656,1,2.421374,0.824325,0.83963,3.487438,0.824324,7.106022,0.824324,59.623065,10231.58242,8.724616,237.011075,8.81779,27.801301,7.531732,116.569092,361.349885,16251.28624,3.600894,0.824324,84.530934,1652.794098,47845.529186,145.60873,0.824325,176.215118,0.802888,129.110477,128.588044,96.023771,4606.760192,493.120032,1019.194894,1354.119095,0.342416,0.943908,494.999098,12782.393784,1713.379627,228.807302,171.56521,17.031814,3.343796,0.685001,5.192233,10.520919,20.389165,4529.753588,61.614416,2013.956956,3237.450686,9.082856,404.280376,49.495687,17.496129,922.937792,23.300931,4.74374,72.284035,17.348516,470.924512,40.144739,10.155754,135.107041,1.689106,0.435993,1.132689,4.358764,3.975027,58.337598,199.819159,4.565522,7928.322547,4.123205,4.942186,117.5754,89.109895,1144.895398,4.249391,9.143703,15.21093,498.841529,10.489382,1.5236,1.559824,12824.866603,662.476779,23.892199,23439.192091,9.910723,2844.685443,17.349259,37.381234,12.794182,3.974859,3.268781,2.568314,15.254515,7.686534,31.338988,2616.558211,32.181104,3994.0422,1.132439,50.53613,12272.805431,242149591999.4561,25689.369044,128.725894,2.958318,657.285325,0.047274,0.000614,3.060472,0.807933,655.682168,119.582832,283.392882,17.289847,10193.30518,19.873099,364.644759
0,4.151809,117.243382,120.944895,545.112283,2.028799,597.355032,118.253573,1.579013,2.02894,1.917465,1.961163,2.282106,97.173157,1.955763,0.426092,2273.091339,1.130329,1.520034,7.781693,6.153785,1.130274,3.0591202e-05,84.471763,13.066317,2.94541,22154.44567,2.278074,1.426175,2277.040677,1.037606,0.03277,904.217655,7.152743,4485.314469,719.849376,1.130329,29.953715,110.941689,24.499204,200.881933,7.441969,65.335198,158.002984,17.792061,16.954955,56.183208,1,2.415291,0.822789,0.836667,3.464459,0.822789,7.058899,0.822789,59.511847,10218.172887,8.688366,236.352747,8.800284,27.760766,7.529685,116.314281,358.773433,16198.234255,3.597306,0.822789,84.534476,1650.845301,47784.652483,145.80145,0.822789,176.108358,0.80142,128.722198,128.348598,95.844878,4597.610385,493.219413,1017.296152,1352.210122,0.341815,0.941853,492.827133,12767.064155,1711.318116,229.445563,171.668731,17.237633,3.337567,0.683725,5.188091,10.527314,20.287972,4526.966538,61.61412,2009.582337,3231.419373,9.06455,403.527209,49.621124,17.435335,922.916574,23.296759,4.735803,72.149239,17.237845,469.222169,40.075803,10.093605,135.153542,1.689548,0.435182,1.130214,4.348344,3.973121,57.827919,199.616609,4.582184,7936.412378,4.115551,4.944959,117.588097,89.036791,1147.283794,4.239726,9.11927,15.174716,497.911611,10.463736,1.519506,1.556912,12806.625826,661.242106,23.863531,23395.525292,9.889369,2839.385844,17.237356,37.322893,12.765777,3.956151,3.286427,2.563529,15.238981,7.673869,31.324832,2611.059593,32.426582,3984.028584,1.130329,50.352485,12248.243337,241698471606.3894,25584.993763,128.48608,2.952807,657.7457,0.0473,0.000611,3.05477,0.806794,655.022794,119.87131,282.864665,17.279846,10174.328378,19.948496,363.965432
0,4.129161,116.069979,120.84669,542.375153,2.017874,594.091398,117.704514,1.57866,2.017874,1.911286,1.949429,2.269847,96.651752,1.955963,0.423864,2264.066093,1.124164,1.511437,7.751249,6.107274,1.124209,3.0497335e-05,84.143322,12.929148,2.939748,22033.612429,2.26606,1.423073,2253.948872,1.038807,0.032715,902.703726,7.105954,4417.964125,719.288276,1.124164,29.790343,110.420983,24.532064,199.786281,7.442419,64.865578,157.444792,17.694265,16.86248,55.926763,1,2.410881,0.818301,0.834748,3.44555,0.818301,7.014902,0.818301,59.187049,10145.579477,8.642124,235.197747,8.753431,27.626258,7.529627,115.691138,360.238351,16150.244453,3.572278,0.818301,84.202689,1640.717211,47495.924515,145.410348,0.818302,175.389124,0.797017,128.966304,127.648381,95.322019,4566.916348,490.388457,1011.747686,1349.901649,0.340003,0.936824,489.243608,12708.673257,1699.735903,228.068755,171.153573,17.064646,3.319364,0.679996,5.154281,10.484518,20.100402,4496.655647,61.635148,1998.799106,3213.794789,9.015,401.326319,49.467432,17.367972,916.19422,23.289495,4.711936,71.755646,17.064761,466.888141,39.851861,10.051377,134.628957,1.687977,0.432815,1.124209,4.315102,3.945462,57.872299,199.088159,4.585767,7903.050976,4.09312,4.944524,117.626837,89.07268,1142.150522,4.217152,9.069567,15.142275,495.192123,10.464246,1.515682,1.548426,12742.397882,657.636213,23.741961,23267.92304,9.836702,2823.899463,17.064323,37.235117,12.697608,3.945815,3.24603,2.549547,15.265135,7.632639,31.116292,2596.818267,32.363836,3962.788507,1.124164,50.042689,12169.074358,240380216556.88907,25445.449863,127.7853,2.936702,653.810267,0.047645,0.000617,3.038109,0.803562,652.584424,119.583002,281.321418,17.23087,10118.824807,19.892385,361.980317
0,4.093524,115.179783,120.974731,537.805297,1.999467,589.700282,116.746731,1.584166,2.00603,1.895217,1.952372,2.249126,95.768534,1.955912,0.42017,2246.753241,1.114461,1.506325,7.669212,6.025972,1.113927,3.0003089e-05,83.683394,12.900165,2.91294,21843.434291,2.245343,1.42047,2237.282208,1.037858,0.032523,897.41998,7.096881,4416.619823,712.717549,1.114461,29.533215,110.669804,24.440576,198.062142,7.443797,64.315739,156.695466,17.544746,16.716936,55.497106,1,2.406065,0.811238,0.832497,3.399137,0.811238,7.015556,0.811238,58.620035,10071.935405,8.56327,233.113943,8.681372,27.370902,7.532975,114.63446,356.638697,16020.487361,3.561505,0.811238,83.818106,1627.670193,47085.974576,144.612679,0.811239,173.991464,0.79015,128.5575,126.658135,94.503949,4526.380441,492.202172,1003.015015,1341.306365,0.337664,0.928264,483.450162,12610.1259,1703.710968,225.00821,169.676709,17.24043,3.290713,0.674126,5.109776,10.487306,19.972522,4458.958002,61.626734,1980.535552,3186.055647,8.937229,397.862361,48.869308,17.218673,909.951571,23.145574,4.677957,71.136585,17.241041,463.04719,39.518993,9.97217,133.893232,1.692827,0.42908,1.113927,4.279695,3.917348,57.300026,197.204435,4.560933,7851.462998,4.057751,4.947318,117.664635,87.103475,1133.406769,4.181345,8.998545,15.246911,492.0575,10.467803,1.507648,1.535065,12771.722311,651.959278,23.462187,23067.091229,9.746823,2799.525614,17.240628,37.114338,12.581883,3.900613,3.234725,2.527542,15.181516,7.562938,30.950254,2574.404317,32.30917,3928.758538,1.114461,49.597592,12058.467434,238305429131.00165,25231.395527,126.68235,2.911354,654.794212,0.049017,0.00062,3.011886,0.795787,651.406688,119.802368,279.005616,17.201648,10031.482379,19.911498,358.855966
0,4.094668,115.385152,120.676402,538.118636,1.999879,589.868963,116.822818,1.595223,2.007178,1.899568,1.957198,2.249543,95.745705,1.956242,0.420043,2249.08761,1.114789,1.512118,7.670904,5.984316,1.114079,2.9519925e-05,83.658666,13.046548,2.907546,21849.8722,2.24577,1.423776,2239.612304,1.038161,0.032861,906.747842,7.091514,4412.347585,713.95916,1.114789,29.541919,110.643287,24.492485,198.120811,7.442896,64.268047,156.594845,17.53963,16.721863,55.46121,1,2.409622,0.811478,0.83195,3.394578,0.811477,7.027475,0.811477,58.976655,10049.826819,8.565057,233.100289,8.687504,27.379661,7.531187,114.390567,358.617034,16034.461826,3.569991,0.811477,83.610933,1627.035126,47127.722191,144.020073,0.811478,174.160794,0.79043,128.440505,126.644316,94.533254,4528.836164,491.90125,1003.310633,1348.683789,0.337837,0.928487,484.813303,12630.564268,1687.237967,225.061135,169.727111,17.435732,3.291684,0.674325,5.117308,10.512888,19.998572,4459.157978,61.673672,1980.983657,3186.994672,8.944314,397.979623,48.083504,17.223918,910.229711,23.193918,4.671389,71.157428,17.435727,463.373781,39.519704,10.013668,133.853986,1.703938,0.429032,1.114179,4.290867,3.913329,56.976303,197.262402,4.582193,7874.523289,4.058991,4.94599,117.53961,87.170181,1133.740818,4.182698,8.993935,14.743603,491.622503,10.489912,1.510456,1.535515,12786.634772,652.152175,23.349306,23073.889787,9.748816,2800.350717,17.435718,37.238467,12.584111,3.912911,3.235161,2.528287,15.108968,7.572432,31.038009,2575.163883,31.898845,3910.534025,1.114789,48.973216,12062.021659,238375664822.6875,25249.979863,126.719687,2.912212,656.442446,0.049605,0.000622,3.012775,0.800492,655.496537,119.620915,278.976453,17.383279,10034.446334,20.08204,358.961731
0,4.094668,115.385152,120.676402,538.118636,1.999879,589.868963,116.822818,1.595223,2.007178,1.899568,1.957198,2.249543,95.745705,1.956242,0.420043,2249.08761,1.114789,1.512118,7.670904,5.984316,1.114079,2.921028e-05,83.658666,13.046548,2.907546,21849.8722,2.24577,1.423776,2239.612304,1.037515,0.032861,906.747842,7.091514,4412.347585,713.95916,1.114789,29.541919,110.643287,24.492485,198.120811,7.442896,64.268047,156.594845,17.53963,16.721863,55.46121,1,2.409622,0.811478,0.831622,3.394578,0.811477,7.027475,0.811477,58.976655,10049.826819,8.565057,233.100289,8.687504,27.379661,7.531187,114.390567,358.617034,16034.461826,3.569991,0.811477,83.610933,1627.035126,47127.722191,144.020073,0.811478,174.160794,0.79043,128.440505,126.644316,94.533254,4528.836164,491.90125,1003.310633,1348.683789,0.337837,0.928487,484.813303,12630.564268,1687.237967,225.061135,169.727111,17.435732,3.291684,0.674325,5.117308,10.512888,19.998572,4459.157978,61.673672,1980.983657,3186.994672,8.944314,397.979623,48.083504,17.223918,910.229711,23.193918,4.671389,71.157428,17.435727,463.373781,39.519704,10.013668,133.853986,1.703938,0.429032,1.114179,4.290867,3.913329,56.976303,197.262402,4.582193,7874.523289,4.058991,4.94599,117.53961,87.170181,1133.740818,4.182698,8.993935,14.743603,491.622503,10.489912,1.510456,1.535515,12786.634772,652.152175,23.349306,23073.889787,9.748816,2800.350717,17.435718,37.238467,12.584111,3.912911,3.235161,2.528287,15.108968,7.572432,31.038009,2575.163883,31.898845,3910.534025,1.114789,48.973216,12062.021659,238375664822.6875,25249.979863,126.719687,2.912212,656.442446,0.049605,0.000622,3.012775,0.800492,655.496537,119.620915,278.976453,17.383279,10034.446334,20.08204,358.961731
0,4.095254,114.811824,120.82192,537.748544,1.998432,589.957901,116.63483,1.59428,2.007481,1.900256,1.955861,2.247936,95.67642,1.955531,0.420107,2223.335326,1.114958,1.511024,7.665422,5.984646,1.113318,2.9401879e-05,83.598128,13.037107,2.905546,21853.171218,2.244236,1.423333,2239.950623,1.038516,0.032618,900.043901,7.092234,4412.270105,713.471336,1.114958,29.546379,110.266752,24.451524,198.203149,7.443135,64.17402,156.618488,17.541728,16.724387,55.484582,1,2.407138,0.8116,0.832188,3.395082,0.8116,7.014111,0.8116,58.986242,10075.860092,8.558936,232.933701,8.689601,27.403435,7.532322,114.308816,358.467777,16036.882801,3.571254,0.8116,83.673677,1624.965819,47134.837365,144.041815,0.8116,174.034765,0.79048,128.530651,126.47741,94.547518,4526.871926,491.974997,1003.462119,1348.775707,0.337888,0.927815,484.477698,12597.600159,1683.426747,224.898273,169.752539,17.43797,3.29218,0.674427,5.129381,10.496367,19.984818,4441.180565,61.630979,1979.550152,3187.475863,8.937842,398.039713,48.090764,17.226358,909.563452,23.230685,4.671867,71.167773,17.437754,463.443281,39.473627,10.0286,133.757125,1.702524,0.429097,1.113418,4.276768,3.943163,56.984905,196.730326,4.583427,7868.825025,4.059559,4.939489,117.547868,86.696268,1156.498375,4.183341,8.995293,16.058759,491.696722,10.507294,1.511955,1.535745,12788.564831,652.250524,23.352791,23077.373615,9.742155,2800.77353,17.373376,37.264677,12.5754,3.913502,3.235623,2.528669,15.068629,7.56702,31.042703,2572.970881,31.876906,3907.862091,1.114958,48.937778,12044.361369,238411656144.89194,25253.79225,126.73882,2.912652,655.967422,0.049779,0.000623,3.013229,0.799913,655.967422,119.63555,279.018406,17.407026,10035.956632,20.068319,359.015929
0,4.12458,114.541186,120.944729,542.13888,2.016039,594.144949,118.073809,1.588783,2.021314,1.911064,1.968517,2.267714,96.563103,1.957449,0.423279,2212.215682,1.122952,1.521699,7.743963,5.956807,1.123108,2.9138841e-05,83.898811,13.12054,2.920824,22009.861605,2.263991,1.427889,2259.379354,1.041044,0.032587,899.181407,7.143047,4427.822679,720.443819,1.122952,29.758231,111.031842,24.338754,199.5705,7.441108,64.850103,157.574862,17.659097,16.844304,55.97848,1,2.431225,0.817419,0.835173,3.41937,0.817419,7.063732,0.817419,59.516121,10109.376309,8.634447,234.973881,8.756275,27.601906,7.517829,114.553204,355.302015,16121.66215,3.570258,0.817419,83.72265,1640.071575,47444.726882,143.405219,0.817419,175.580625,0.79616,129.286587,127.568121,95.22342,4565.359299,493.256821,1010.657087,1354.403442,0.340252,0.935974,488.246617,12739.892075,1700.149421,227.997098,171.222088,17.428104,3.315786,0.679262,5.182435,10.596198,20.217094,4491.80848,62.029765,1996.895355,3210.330524,9.02136,400.893715,49.073768,17.349375,918.015242,23.176833,4.70012,71.678156,17.428149,466.956976,39.82009,10.001932,134.232923,1.707196,0.43235,1.123209,4.311576,3.947196,57.489594,198.571253,4.582093,7961.568358,4.088642,4.94526,117.460845,86.853273,1139.796405,4.213318,9.107533,16.310283,495.222308,10.481858,1.517821,1.546757,12871.840606,656.927004,23.446683,23242.841709,9.828341,2820.85548,17.291463,37.290976,12.68626,3.930332,3.263329,2.546799,14.936721,7.623492,31.188847,2595.142215,31.912769,3938.985697,1.122952,49.357215,12141.921781,240121102075.0054,25434.865579,127.647556,2.933536,660.16751,0.049944,0.000625,3.034834,0.807551,659.731622,120.071655,281.018756,17.270116,10107.913608,20.329418,361.590125
0,4.140576,112.41698,121.576036,544.535955,2.031917,593.469347,118.487235,1.580326,2.02965,1.917885,1.955995,2.276443,96.93083,1.958126,0.425047,2272.576588,1.12727,1.521162,7.762327,5.936425,1.12742,2.9110404e-05,84.279382,13.018887,2.918246,22094.494608,2.272542,1.430449,2269.756845,1.038339,0.032797,905.04797,7.17059,4423.227639,723.27708,1.12727,29.872659,110.895181,24.276912,200.338762,7.440323,64.987033,157.829407,17.708296,16.909074,56.248301,1,2.417036,0.820562,0.833543,3.427186,0.820562,7.08488,0.820562,59.801539,10167.976677,8.667124,235.875137,8.786276,27.702622,7.530274,114.505203,355.575267,16151.864647,3.573908,0.820562,84.258088,1646.941664,47655.344239,143.603141,0.820563,175.856741,0.799305,129.342413,128.057315,95.58845,4582.353145,493.687827,1014.543297,1355.598914,0.341056,0.9395,489.411303,12788.879822,1705.008279,228.30463,172.078062,17.224977,3.328536,0.681874,5.191037,10.611839,20.315815,4514.716601,61.631101,2004.571027,3222.674987,9.052765,402.435244,49.267044,17.416244,921.545978,23.163344,4.718188,71.953593,17.225164,467.546585,39.962138,9.958051,134.847371,1.698706,0.434008,1.12742,4.378327,3.962356,57.671518,198.907074,4.570573,7979.150337,4.104389,4.946349,117.57467,86.491606,1145.306455,4.229045,9.138831,16.402293,497.126091,10.43222,1.520124,1.552704,12907.242835,659.452716,23.53684,23332.215805,9.865051,2831.702321,17.22456,37.412402,12.734075,4.249808,3.248794,2.556593,15.079377,7.640414,31.290426,2606.248642,32.007101,3942.620165,1.12727,49.533279,12191.426633,241044423185.7503,25532.668514,128.13839,2.944816,656.026913,0.049821,0.000626,3.046504,0.810086,657.759904,120.05491,282.099507,17.213869,10146.788909,20.406475,362.980523
